,IDLink,Title,Headline,sentiment,episodic,Source,Topic,PublishDate,SentimentTitle,SentimentHeadline,Facebook,GooglePlus,LinkedIn,status,Hour
1,68938,A Closer Look At Obama Administration's Controversial Deportation ...,"The Obama administration is facing criticism for its deportation policy in the new year. Mark Krikorian, director of the Center for Immigration",-1,0,NPR,obama,12/26/15 22:23,-0.044194174,-0.004441682,29,1,1,public,22
2,80619,"Pitts: If Obama wasn't 'black' before, he certainly is now",The subject was Barack Obama and what the Republican presidential contender sees as the inferior quality of the president's blackness.,1,0,Salt Lake Tribune,obama,2/28/16 13:00,-0.007905694,-0.075312012,9,0,0,public,13
3,71992,Gun Rights Supporters Carry On After Obama's Executive Actions,"Next to piles of kids' coats and boots, against the wall in the living room of Jesse Mackey's home in Xenia, Ohio, there's a glass case with an",-1,0,NPR,obama,1/12/16 23:03,0.041666667,-0.133862418,52,3,2,public,23
4,85939,Obama Hopes Historic Visit Will Boost Cuba's Emerging Private Sector,"President Obama is hoping his visit will give it a boost. ROBERT SIEGEL, HOST: Even as the American visitors talk about their hopes for Cuban",1,1,NPR,obama,3/22/16 0:00,-0.009882118,-0.039861111,-1,-1,-1,public,0
5,83982,Obama deeply dismayed by 'vulgar' presidential campaign,U.S. President Barack Obama delivers remarks on divisiveness in U.S. politics at the annual Friends of Ireland Luncheon at the U.S. Capitol in,-1,1,PBS NewsHour,obama,3/15/16 18:35,-0.170084013,0.042900405,513,1,0,public,18
6,23692,Fed Chair Janet Yellen Warns Of Growing Risks To U.S. Economy,Federal Reserve Chair Janet Yellen made clear in congressional testimony Wednesday she sees an economy that faces increased risk.,-1,1,NPR,economy,2/10/16 21:24,0,0.017586589,12,0,12,public,21
7,79230,Harvard Student Groups Lose Law Firm’s Funding over Palestine Event,An international law firm has withdrawn its sponsorship of Harvard Law School student events after funds were used for a Justice for Palestine event. ,-1,1,The Forward,palestine,2/21/16 13:25,-0.039782747,0.051031036,0,0,0,public,13
8,87904,Obama Questions Trump's Knowledge About Foreign Policy And ...,"Without directly naming Donald Trump, President Obama said Friday that the candidate's statements on nuclear issues show he &quot;doesn't know",-1,1,NPR,obama,4/2/16 1:15,0.132582521,0.062775528,520,7,3,public,1
9,84578,Obama: Refusal To Consider Nominee Damages Public's Faith In ...,"Just after President Obama and I concluded our interview """""" and after the microphones and cameras clicked off """""" he added a thought.",-1,1,NPR,obama,3/18/16 9:12,0.051215278,-0.078043204,825,46,18,public,9
10,51425,"Gig Economy Reduces Lower Quality Entrepreneurial Activity, Study ...","The gig economy might allow entrepreneurs more freedom to earn a living working hours that suit start-up activities, but that it discourages",1,0,NPR,economy,5/24/16 11:52,0.099436891,-0.04836376,33,0,35,public,11
11,72939,YouTube Star Talks Space With President Obama,"Rocket scientist and YouTube star, Destin Sandlin, got to interview President Obama. NPR's Rachel Martin asks Sandlin about what the two",0,1,NPR,obama,1/17/16 13:18,0.047245559,0.136386181,13,1,5,public,13
13,74424,Obama Set To Deliver Final State Of The Union Address,"President Obama delivers his final State of the Union speech to a Congress and country already in the throes of a presidential campaign. NPR has a preview of what he might say, and how it will frame the 2016 presidential race. ",0,1,NPR,obama,1/12/16 13:32,-0.128072245,-0.202583413,-1,-1,-1,public,13
14,82806,'The Obama Doctrine': Examining White House Foreign Policy,"Steve Inskeep talks to Jeffrey Goldberg, who dives deep into President Obama's eight years in a cover story for The Atlantic magazine.",0,0,NPR,obama,3/10/16 12:00,-0.108030203,-0.086612791,77,0,2,public,12
15,79645,"Obama Says Guantanamo Prison Doesn't Help US Security, 'It ...",U.S. operation of the Guantanamo Bay military detention center in Cuba is &quot;contrary to our values&quot; and is seen as &quot;a stain on our broader,-1,0,NPR,obama,2/23/16 20:15,0.000868056,-0.046423835,401,11,25,public,20
16,97202,President Obama Is Familiar With Finland's Heavy Metal Scene. Are ...,"At White House state dinners, it's customary for a president to nod to the strengths and contributions of guest countries. And when hosting",1,0,NPR,obama,5/17/16 22:35,0.011858541,-0.063712738,470,2,4,public,22
17,88806,Obama Is Still Trying to Keep Markets Competitive,"Pfizer Inc. has decided to kill its planned $150 billion takeover of Allergan PLC, after the Obama administration took aim at a deal that would",0,0,Mother Jones,obama,4/6/16 6:35,-0.237806745,-0.006123724,8,2,0,public,6
19,64520,Obama Just Called Saving the Planet an &quot;Act of Defiance&quot; Against ...,"A major two-week summit on climate change opened on Monday in Paris, and President Barack Obama was there to urge world leaders to",1,1,Mother Jones,obama,11/30/15 16:04,0.060670334,-0.021475561,865,36,3,public,16
20,99631,Obama Makes Historic Visit To Hiroshima Memorial Peace Park,Obama is the first sitting U.S. president to visit the city destroyed by an American atomic bomb in the closing days of World War II. ,1,1,NPR,obama,5/27/16 1:05,-0.260416667,-0.15934436,-1,-1,-1,public,1
21,75966,Obama Asks Congress For More Money To Fight Opioid Drug Abuse,President Obama plans to ask lawmakers for hundreds of millions of dollars to combat this epidemic of opioid abuse when he releases his,0,1,NPR,obama,2/3/16 5:45,-0.248746859,-0.028236327,140,10,47,public,5
22,71095,Is Obama's Hope For Better Fuel Economy Sputtering Out?,"That's a huge turnaround from 2009, and the Obama administration cheered the rebound as vindication of the president's decision to rescue",-1,0,NPR,obama,1/8/16 10:08,0,-0.072672209,76,1,14,public,10
23,78852,Obama To Make Historic Visit To Cuba Next Month,"President Obama plans to travel to Cuba next month, capping a historic diplomatic thaw after decades of official isolation. ",1,1,NPR,obama,2/18/16 18:42,-0.048055556,-0.143384834,13,0,4,public,18
24,98909,Is Primary Rivalry Making The Democratic Party Stronger Like It Did ...,That feeling intensified as the Democratic primary heated up. Elleithee says it wasn't until the fall of 2007 that he saw Obama as a real threat.,0,0,NPR,obama,5/29/16 14:35,0.113066754,-0.207824074,129,1,6,public,14
25,88169,President Obama Chides Media For 2016 Election Coverage,"President Obama delivered a stern rebuke of the media, its role in the 2016 campaign and for, as he sees it, not holding candidates",-1,1,NPR,obama,3/29/16 0:00,0,-0.364900225,-1,-1,-1,public,0
26,101550,Dalai Lama Meets With President Obama; China Objects,"The Dalai Lama, visiting the White House today, offered President Obama condolences for the Orlando shootings. The president and the",0,1,NPR,obama,6/16/16 0:55,0.088388348,-0.068324299,178,6,4,public,0
27,85519,Obama Praises And Challenges Cubans In Speech In Havana,"President Obama's speech to the Cuban people, delivered live from the Gran Teatro in Havana, presented both a risk and an opportunity.",0,1,NPR,obama,3/23/16 1:35,-0.052083333,-0.008143083,99,2,3,public,1
28,104228,Obama campaign machine prepares to support Clinton,"Barack Obama and Hillary Clinton wave at a presidential campaign rally in Orlando, Florida, on October 20, 2008. Photo by Jim Young/Reuters.",0,0,PBS NewsHour,obama,7/3/16 16:03,-0.188982237,-0.095470327,215,1,0,public,16
29,14913,Foreign Investors Fear Global Consequences Of Chinese Economic ...,"NPR's Kelly McEvers speaks with Jamie Metzl, senior fellow with the Atlantic Council, about what is going on with China's economy. Chinese",-1,0,NPR,economy,1/7/16 22:20,-0.176776695,0.066625224,13,1,11,public,22
30,67721,Obama Wraps Up 2015 With Year-End Press Conference,"After this year's final press conference, Obama is scheduled to travel to San Bernardino, Calif., to visit families of victims of this month's terrorist",0,0,NPR,obama,12/18/15 19:34,0.041738942,-0.182152449,144,0,6,public,19
31,82449,Obama Considers Candidates To Fill Supreme Court Vacancy,President Obama has begun interviewing candidates to fill the Supreme Court vacancy left by the late Justice Antonin Scalia.,0,1,NPR,obama,3/9/16 3:42,0.217288021,0.047794945,11,0,2,public,3
32,95630,Activists Protest &quot;Displacement from Brooklyn to Palestine&quot; Inside ...,"In New York, more than 150 activists gathered at the Brooklyn Museum to protest a photography exhibition they say normalizes the Israeli",-1,0,Democracy Now!,palestine,5/9/16 15:23,0,-0.080922468,93,6,0,public,15
33,101347,Obama's Criticism Reveals Multi-Front Campaign Against Trump,President Obama's animated criticism of Donald Trump's comments Tuesday reveals a multi-front campaign against the Republican candidate.,-1,0,NPR,obama,6/14/16 21:35,0,0.029462783,9,0,2,public,21
34,104041,"The Obama Years: Views On A Presidency, Across America",How has America changed after eight tumultuous years under President Obama? We put that big question to scores of people in seven states.,0,0,NPR,obama,7/1/16 21:00,0.041666667,0.081450943,-1,13,5,public,21
35,61605,"Fact Check: Trump's Speech On The Economy, Annotated",The NPR Politics team looks at Donald Trump's claims about globalization and trade. ,0,0,NPR,economy,6/28/16 14:35,0.03314563,0.199345383,-1,-1,-1,public,14
36,102996,President Obama Acknowledges 'Brexit' To Silicon Valley Crowd,"President Obama delivered a speech Friday at Stanford University, and remarked on the Brexit vote in front of a crowd of young, tech-forward,",0,1,NPR,obama,6/25/16 13:43,0,-0.108440952,29,0,35,public,13
37,86166,Can Israelis And Palestinians Change Their Minds?,"What makes people change their minds? About the really hard stuff. Covering the Israeli-Palestinian conflict for the past three years, I've often",0,0,NPR,palestine,3/25/16 0:00,0,0.120110774,-1,-1,-1,public,0
38,97086,Obama Guidelines To Protect Transgender Students Is 'Life Changing',The administration ordered schools to allow transgender students to use bathrooms that matches their gender identity. Mary Louise Kelly talks,1,0,NPR,obama,5/17/16 10:35,0,0.080746899,74,0,9,public,10
39,82759,Obama narrowing list of possible Supreme Court candidates,President Barack Obama is zeroing in on a small group of appellate court judges for a Supreme Court nominee. Photo by Jonathan Ernst/,0,1,PBS NewsHour,obama,3/10/16 0:15,0.364601934,-0.091225056,12,0,0,public,0
40,63014,"Despite calls for ouster, Assad's presidency likely to outlast Obama's","Despite U.S. calls for Assad to step down, the embattled Syrian president appears poised to outlast President Barack Obama in office. Photo by",0,0,PBS NewsHour,obama,11/22/15 21:44,-0.088939059,-0.210503025,38,1,0,public,21
41,85380,Is Clinton Moving to the Right of Trump on Israel-Palestine? A ...,"Is Clinton Moving to the Right of Trump on Israel-Palestine? A Debate on the Candidates &amp; AIPAC. March 22, 2016. Story. WATCH FULL SHOW. 0. Shares.",0,0,Democracy Now!,palestine,3/22/16 15:00,-0.019647737,0.072753399,634,16,14,public,15
42,68163,Obama calls criticism of US strategy against IS legitimate,"Honolulu """""" President Barack Obama says criticism of his strategy to combat the Islamic State group is legitimate and failure to keep the public",0,0,Salt Lake Tribune,obama,12/21/15 17:44,0.041666667,-0.092854075,0,1,0,public,17
43,64791,Donald Trump Just Gave the Dumbest Rebuttal to Obama's Big ...,"On Monday, in Paris, President Barack Obama pressed world leaders to adopt an aggressive international agreement to curb climate change.",-1,1,Mother Jones,obama,12/1/15 17:44,-0.057645687,0.123216663,213,4,1,public,17
44,90932,Supreme Court Hears Arguments in Obama's Immigration Executive ...,"In one of the most closely watched legal cases of the year, the Supreme Court will hear arguments today on whether President Obama",0,1,Democracy Now!,obama,4/18/16 15:35,0.276213586,0.351868074,2,0,0,public,15
45,91354,Obama Effect Triggers More Nuanced Conversations On Race,"A Mexican-American family considers how differences in generations, citizenship and upbringing affect what it means to be American, and how",0,0,NPR,obama,4/20/16 11:15,0,-0.042431256,49,0,0,public,11
46,68394,Seymour Hersh's Latest Bombshell: U.S. Military Undermined ...,"The Obama administration has quietly backed off its public insistence that Assad must go, claiming it's no longer seeking regime change in",-1,1,Democracy Now!,obama,12/22/15 15:24,-0.044194174,-0.085354315,1392,107,4,public,15
47,91945,Obama: North Carolina's Bathroom Law 'Should Be Overturned',"During a news conference in London Friday, President Obama criticized the North Carolina law that requires transgender people to use public",0,1,NPR,obama,4/22/16 23:35,0.044194174,-0.003030804,197,4,3,public,23
48,84970,NRA: Don't trust Obama to nominate a justice who will preserve gun ...,The truth is that President Obama has lost all trust and credibility when it comes to law-abiding gun owners. During his two presidential,-1,0,Salt Lake Tribune,obama,3/20/16 14:35,-0.4420338,0.184987507,33,0,0,public,14
49,73259,Washington Post: Obama's future focus misses key component - aging,"With those words, President Obama announced that last Tuesday's State of the Union speech would be different: not the usual list of legislative",-1,0,Salt Lake Tribune,obama,1/19/16 13:56,0.03125,-0.21937454,0,0,0,public,13
50,32100,Trump Voters Are Not Angry About the Economy. Really.,"I've been periodically making the case that Americans aren't really all that angry about the economy, which naturally implies that the economy",0,0,Mother Jones,economy,3/17/16 14:29,-0.202256944,0.140024012,49,1,0,public,14
51,102707,A Federal Judge Just Struck Down Obama's Fracking Regulations,"A major push by the Obama administration to curb the environmental impacts of fracking suffered a severe blow Wednesday evening, when a",0,1,Mother Jones,obama,6/23/16 19:10,-0.201649306,-0.342453651,93,3,6,public,19
52,61225,Venezuela Is In Crisis. Its Economy Is In A Tailspin,"The South American country is experiencing widespread shortages of food and medicine, along with rolling power blackouts. All of which have",-1,0,NPR,economy,7/5/16 10:03,-0.197642354,0.020457927,-1,1,13,public,10
53,59659,"Halfway Around The World, Brexit Hits Japan's Already Soft Economy",The world's third largest economy is still struggling to gain traction under Prime Minister Shinzo Abe. The British decision to leave the European Union has delivered another blow. ,-1,0,NPR,economy,6/28/16 1:27,0.052704628,-0.05755709,-1,13,21,public,1
54,66342,President Obama Just Ended No Child Left Behind. Here's the One ...,"President Barack Obama and a young student touch fingers during a January 2015 visit to a Lawrence, Kan. Head Start provider. Pete Souza/",0,0,Mother Jones,obama,12/10/15 16:42,-0.043970404,-0.477258687,6339,39,17,public,16
55,65015,How Obama Hopes To Achieve U.S. Climate Goals,"President Barack Obama, though thinks he's figured how the United States can once again star, even without the support of the U.S. Congress.",1,0,NPR,obama,12/2/15 22:04,0,-0.109929357,108,2,15,public,22
56,89835,WATCH: Obama to designate national monument to honor women's ...,"President Barack Obama will designate the Sewall-Belmont House, which played a role in the U.S. women's suffrage movement, as a national",1,1,PBS NewsHour,obama,4/12/16 15:39,0.0625,-0.156385811,224,0,0,public,15
57,67901,President Obama Talks Terrorism In Year-End Press Conference,Terrorist attacks and the ongoing battle with the Islamic State cast a shadow over some of the accomplishments the president tried to highlight,-1,1,NPR,obama,12/19/15 13:11,-0.037037037,0.052128604,17,0,5,public,13
58,64842,"After Planned Parenthood Shooting, Obama Again Calls For Action ...","Though he said an &quot;honest debate&quot; about abortion in the United States is valid, President Obama, following the shooting at a Planned",0,0,NPR,obama,12/1/15 20:24,0.03125,0.076546554,35,0,4,public,20
59,52540,Strikes Across France Paralyze Economy,"A dispute over labor law changes in France has escalated to a full-fledged confrontation between the government and influential unions,",-1,0,NPR,economy,5/28/16 22:08,-0.111803399,-0.152866178,14,0,4,public,22
60,87664,NY Legislator Doubles Down on Condemnations of Pro-Palestinian Student Group,New York assemblyman Dov Hikind insists CUNY ban Students for Justice in Palestine for encouraging violence against Jews. But a Forward investigation found a more complex situation. ,0,0,The Forward,palestine,4/1/16 13:09,0.021749646,-0.232543858,30,2,0,public,13
61,78486,"America Is Obsessed With Identity. Thanks, Obama?","When Barack Obama won the presidency in 2008, there was a lot of talk about &quot;The Obama Effect&quot;: how the nation's first black president",-1,0,NPR,obama,2/17/16 15:15,0,0.2,329,21,3,public,15
62,66381,President Obama Finalizing Plan to Expand Background Checks ...,President Barack Obama reportedly requested his aides draft the plans in the wake of the shooting at a community college in Oregon back in,0,1,Mother Jones,obama,12/10/15 20:24,0.252888884,0.095683193,4850,30,3,public,20
63,99597,Obama to gun owners  I'm not looking to disarm you,"Wednesday night, the NewsHour hosted President Obama for a wide-ranging interview with Gwen Ifill, followed by a town hall meeting in",0,1,PBS NewsHour,obama,6/3/16 1:15,-0.237170825,-0.213200716,1131,3,0,public,1
64,77486,Sanders: Obama Has 'Tried To Be Fair' In Primary Race,"President Obama and Vice President Biden &quot;have tried to be fair and even-handed&quot; in the primary process, Sen. Bernie Sanders said",1,1,NPR,obama,1/27/16 0:00,0.039528471,0.051031036,-1,-1,-1,public,0
65,54176,Why hiring is at five-year low and the economy is stalling,"According to a new report from the Labor Department, U.S. hiring fell to a five year low in May, with just 38,000 new jobs. Even if those numbers",-1,0,PBS NewsHour,economy,6/4/16 0:35,-0.171400861,-0.208077317,19,2,3,public,0
66,102160,Obama: No Direct Evidence That Terrorist Group Directed Orlando Attack,"President Obama spoke Monday after being briefed by his national security team about Sunday morning's mass shooting at a gay nightclub in Orlando, Fla. ",0,1,NPR,obama,6/13/16 9:52,-0.29975757,-0.011163039,-1,-1,-1,public,9
67,10875,Got A Crystal Ball? No? Then Here's Help With 2016 Economic ...,"The mainstream view is that the new year's gross domestic product """""" the broadest measure of the economy """""" will grow in the 2.5-to-3 percent",0,0,NPR,economy,12/21/15 16:04,-0.286581413,-0.117289358,139,13,48,public,16
68,91405,Bernie Sanders says Hillary Clinton had 'one line on the Palestinian ...,"This section includes the word &quot;Palestinian&quot; or a variant seven times, over So Sanders is wrong that Clinton &quot;had one line on the Palestinian",0,1,PolitiFact,palestine,4/20/16 17:15,-0.113066754,-0.19245009,130,0,0,public,17
69,104580,"Barack Obama wrong about size of U.S. steel production, work force","Canadian Prime Minister Justin Trudeau and his wife, Sophie Gregoire Trudeau, share a laugh with U.S. President Barack Obama after his",-1,1,PolitiFact,obama,7/5/16 23:00,0.095473287,0.115483721,48,1,0,public,23
70,89187,Why the Obama administration is stepping up a corporate crackdown,The Obama administration has taken steps to rein in big businesses this week: New rules issued by the Treasury Department regarding tax,0,0,PBS NewsHour,obama,4/8/16 1:55,0.072468863,-0.165452639,78,0,1,public,1
71,53524,Obama returns to Indiana town that mirrored U.S. economy,"Obama and his aides have long signaled frustration that as the economy has improved, the public's perception of his decision-making hasn't",0,0,PBS NewsHour,economy,6/1/16 14:00,0,0.059962701,45,0,0,public,14
72,71836,What To Expect From Obama's Final State Of The Union,Steve Inskeep talks to former Obama speechwriter Jon Favreau about what it takes to write such a speech. President Obama delivers his final,0,1,NPR,obama,1/12/16 10:27,-0.096350647,-0.136837584,24,0,3,public,10
73,102029,News Wrap: Obama consoles Orlando attack survivors,"In our news wrap Thursday, President Obama traveled to Orlando to meet with survivors and the families of the victims of a mass shooting at a",0,1,PBS NewsHour,obama,6/17/16 0:00,0,-0.073543551,-1,-1,-1,public,0
74,87671,Obama Addresses World Leaders At Final Nuclear Security Summit,President Obama has hosted his last summit aimed at grappling with the dangers of loose nukes. NPR takes a look at what has been,0,1,NPR,obama,4/1/16 21:22,-0.1953125,-0.081394503,7,0,1,public,21
75,3398,Is China's one-child policy to blame for its economic slowdown?,"One of the supposed benefits of a centrally-planned economy is the ability to look further into the future, and when China's leadership did,",-1,0,PBS NewsHour,economy,11/19/15 19:20,0,-0.034020691,40,14,0,public,19
76,85065,Obama Weighs In On GOP 'Crackup' In News Conference With Justin Trudeau,President Obama weighs in on what he calls the &quot;Republican crackup&quot; and says he's not to blame. He spoke at a joint press conference with the new Canadian prime minister. ,-1,1,NPR,obama,3/10/16 13:32,0.036084392,-0.082250268,-1,-1,-1,public,13
77,95875,Obama Gets All In His Blackness At Howard,"&quot;Be confident in your heritage. Be confident in your blackness,&quot; President Barack Obama told graduates and their families at Howard",0,1,NPR,obama,5/10/16 20:01,0.176776695,-0.115483721,122,6,8,public,20
78,101734,President Obama Speaks In Orlando After Meeting With Victims ...,"NPR's Ari Shapiro talks with NPR White House correspondent Scott Horsley and Corey Ealons, former communications aide for President",0,1,NPR,obama,6/16/16 23:55,-0.041666667,-0.070099252,13,0,2,public,23
79,77068,"Password Security Is So Bad, President Obama Weighs In","But Obama didn't stop there. He made a grassroots call too. Reflecting the granularity of his approach, Obama is literally asking citizens to",-1,1,NPR,obama,2/9/16 21:05,-0.10842191,-0.049413572,155,37,121,public,21
80,20867,News Wrap: U.S. economy slowed at end of 2015,"Friday on the NewsHour, new data from the government shows that American consumers spent less, businesses invested less and companies",-1,0,PBS NewsHour,economy,1/30/16 0:40,0,-0.004658475,3,0,0,public,0
81,99962,Arizona sheriff says Obama called global warming America's 'top ...,"Paul Babeu, the Republican Sheriff of Pinal County, Ariz., near the U.S.-Mexico border, has repeatedly criticized President Barack Obama's",0,1,PolitiFact,obama,6/5/16 0:00,0,0,21,2,0,public,0
82,104314,Obama's Years: Road Trip Kentucky,Morning Edition's Steve Inskeep talks to Americans about how their lives have changed under President Obama. Here's what he heard from a,0,0,NPR,obama,7/4/16 11:57,-0.079194074,-0.013325045,12,0,2,public,11
83,82953,WATCH: Obama Says Trump Is A Product Of The Republican Party ...,"President Obama said Thursday that the Republican Party is responsible for Donald Trump's rise, for &quot;over a course of time, creating an",-1,1,NPR,obama,3/10/16 18:15,-0.056533377,0.036229379,786,7,6,public,18
84,93921,"Sanders Calls It ‘Palestine,’ Trump Won’t Call It ‘West Bank’ — and Why These Words Matter","When Bernie Sanders says ‘Palestine,’ you know where he’s coming from. Not so when Donald Trump says it. These distinctions are more than technicalities, Jane Eisner writes. The words matter. ",0,0,The Forward,palestine,5/2/16 2:11,-0.027994792,-0.193574603,56,7,2,public,2
85,15130,"Amid Chinese Uncertainty, US Economy Shows Strength With Jobs ...","After a frightening week for global financial markets, the U.S. economy showed real strength on Friday when the Labor Department released",1,0,NPR,economy,1/8/16 21:31,0.041666667,0.035977621,22,0,9,public,21
86,80243,U.S. Rep. Glenn Grothman criticizes Barack Obama over vetting of ...,"&quot;Whether it's dealing with the Middle East or south of the border, Barack Obama is apparently not for vetting people and saying just anybody",-1,1,PolitiFact,obama,2/26/16 10:15,0,-0.185416667,117,4,0,public,10
87,62904,Obama Ends Asian Summit With Focus On Counterterrorism,"At the close of an Asian summit in Malaysia, President Obama vowed to destroy ISIS on the battlefield, while also saying that the most powerful",0,1,NPR,obama,11/22/15 12:39,0.077339804,0.033111111,13,0,4,public,12
88,81027,Obama: 'The Constitution Is Pretty Clear' About A Supreme Court Vacancy,"President Obama reiterated his plan to nominate a successor for Justice Antonin Scalia, who died over the weekend, and challenged Senate Republicans who suggested they would block his nominee. ",0,1,NPR,obama,2/16/16 15:25,0.452267017,-0.063832772,-1,-1,-1,public,15
89,19111,Obama Touts U.S. Economy In His Final State Of The Union,"President Obama began his State of the Union Tuesday night with what he called a fact: The United States of America now has the strongest most durable economy in the world, citing 14 million new jobs. ",1,0,NPR,economy,1/13/16 2:29,-0.108253175,-0.003521476,-1,-1,-1,public,2
90,102391,Obama's Criticism Reveals Multi-Front Campaign Against Trump,President Obama's animated criticism of Donald Trump's comments Tuesday reveals a multi-front campaign against the Republican candidate. ,0,0,NPR,obama,6/14/16 13:34,0,0.029462783,-1,-1,-1,public,13
91,18832,Report: San Diego’s Economy To Remain Sluggish,"San Diego's economy should remain sluggish this year, hurt by the impact of a slowing national economy, according to a forecast scheduled to be released Wednesday by the National University System Institute for Policy Research. ",-1,0,KPBS San Diego,economy,1/20/16 7:28,-0.066291261,-0.294272427,-1,-1,-1,public,7
92,78701,President Obama's Latin America Trip Will Include A Stop In Cuba,"Obama will travel to Cuba in the coming weeks, a senior administration official tells NPR. It will be the first visit by a sitting U.S. president in 88 years. CNN's Patrick Oppmann in Havana has more. ",0,1,NPR,obama,2/18/16 7:53,-0.241837224,-0.067708333,15,0,2,public,7
93,77356,"Flint Is Still a Disaster, But Obama Just Proposed a Giant Cut to ...","President Obama has called Flint, Michigan's water crisis &quot;inexplicable and inexcusable.&quot; But his administration's proposed 2017 budget,",-1,0,Mother Jones,obama,2/10/16 0:00,-0.240570551,0.014731391,139,3,2,public,0
94,58030,Small business won't power economy in near term,Don't look for small business to give the economy a shot of adrenaline anytime soon. A survey by the advocacy group National Federation of,-1,0,Salt Lake Tribune,economy,6/21/16 1:00,0.309359217,-0.083846828,-1,0,1,public,1
95,88425,Obama Spells Out Vision For U.S.-Cuba Relations In Havana Address,President Obama speaks to the Cuban people about the complicated relationship between the U.S. and Cuba. One sign of how that relationship is evolving? A U.S. versus Cuba baseball game. ,0,1,NPR,obama,3/22/16 13:57,-0.036084392,0.03314563,-1,-1,-1,public,13
96,30751,Millions Of Voters Are Sending A Message: Our Economic ...,"But each is appealing to voters who believe that Washington's economic framework is rotten. The candidates want to tear it down, and millions",0,0,NPR,economy,3/11/16 17:20,-0.125,-0.030028248,1446,40,42,public,17
97,89334,Obama Addresses World Leaders At Final Nuclear Security Summit,President Obama has hosted his last summit aimed at grappling with the dangers of loose nukes. NPR takes a look at what has been accomplished at these summits and what work still needs to be done. ,0,1,NPR,obama,4/1/16 13:27,-0.1953125,0.00156002,-1,-1,-1,public,13
98,16609,Inflation? Yellen may let U.S. economy run hot,"Short- and long-term interest rates would drop, resulting in cheaper financing costs that could further stimulate demand in an economy where",-1,0,Salt Lake Tribune,economy,1/14/16 8:40,-0.069097222,0.002161618,0,1,0,public,8
99,85667,LISTEN: Obama Explains His Approach To ISIS In 7 Minutes,"Victor R. Caivano/AP. During a press conference in Argentina, President Obama laid out how his administration is handling the Islamic State.",0,0,NPR,obama,3/23/16 18:02,0,0.002961121,187,3,3,public,18
100,65963,Some Muslim Americans Irritated By Obama's Call For Them To ...,President Obama's request that Muslim Americans help &quot;root out&quot; and confront extremist ideology in their communities is getting mixed,-1,0,NPR,obama,12/8/15 10:44,0.04364602,-0.063646885,2366,123,40,public,10
101,89926,Barack Obama says wind power cheaper in Texas than power from ...,"Barack Obama, exhorting Dallas Democrats during a March 2016 Texas swing, called Republican claims that the country and planet are in",0,1,PolitiFact,obama,4/12/16 21:35,0.037688918,-0.020963137,74,1,2,public,21
102,39887,Donald Trump says China's economic growth is thanks to the United ...,We were curious about Trump's claim that the United States is responsible for China's rapid economic growth. He made the point several times,0,1,PolitiFact,economy,4/4/16 19:41,-0.169600131,0.247610867,8,0,0,public,19
103,87155,"‘It’s Palestine, Not Israel,’ Belgian Hotline Operator Tells Jewish Caller",An operator in Belgium’s federal hotline on the terrorist attacks in Brussels told a Jewish caller that Israel does not exist and is in fact called Palestine. ,-1,1,The Forward,palestine,3/31/16 4:09,-0.273244656,-0.135830982,22,2,0,public,4
104,63810,President Obama Has a Different Job Than President Hollande,"Dana Milbank was unimpressed by the contrast Barack Obama made yesterday during his press conference with French president Fran""""ois",-1,0,Mother Jones,obama,11/25/15 17:04,-0.120659722,-0.234476573,22,1,0,public,17
105,84320,The 'Obama Effect' And Latino Identity: Join Our Twitter Chat,"Last month, we told you that the Code Switch team is embarking on a big reporting project we're calling The Obama Effect. The series",0,0,NPR,obama,3/16/16 20:55,-0.118585412,-0.107377806,48,0,7,public,20
106,18007,"Despite Slower Growth, China's Economy Is Undergoing Major ...","NPR's Robert Siegel interviews Yukon Huang, senior associate in the Asia program of the Carnegie Endowment for International Peace, about",0,0,NPR,economy,1/19/16 22:11,-0.276213586,-0.02795085,23,0,8,public,22
107,65069,"Obama Calls For Gun Control Measures After San Bernardino, Calif., Shooting","President Obama expressed sympathy to the victims' families of the mass shooting in San Bernardino, Calif. He also called for stronger gun background checks and other measures. ",1,0,NPR,obama,12/2/15 19:27,0.037688918,0,29,0,3,public,19
108,90944,Bernie Supporters Are Mostly Disappointed in Obama,Obama didn't run in the truthteller tradition. He ran more in the JFK/Clinton tradition: a young guy bringing the voice of a new generation to the,-1,0,Mother Jones,obama,4/18/16 17:08,-0.188982237,-0.127498184,122,2,0,public,17
109,104628,Obama Answers Critics That He Hasn't Done Enough To Help Black People,Steve Inkeep talks to President Obama about how race relations have evolved during his presidency. The president says you can always find people who feel that &quot;change hasn't happened fast enough.&quot; ,0,0,NPR,obama,6/29/16 2:28,-0.159372731,0.027562296,-1,-1,-1,public,2
110,78702,Here's a List of People Obama Won't Be Appointing to the Supreme ...,"It would, no doubt, cause a complete meltdown on the right. But this is more of a West Wing scenario than an Obama White House possibility.",-1,0,Mother Jones,obama,2/18/16 15:35,0.144337567,-0.096831126,70,3,0,public,15
111,74753,"After Praising Clinton, Obama Holds 'Informal' Meeting With Bernie ...",President Obama had what the White House described as an &quot;informal&quot; meeting with Democratic presidential candidate Bernie Sanders.,0,1,NPR,obama,1/27/16 22:25,-0.041666667,-0.096275149,8,0,2,public,22
112,96937,"3 months later, Congress ready to act on Obama's call to battle Zika","Obama requested $1.9 billion three months ago for several purposes, including creating a vaccine for the disease, taking steps to control the",0,0,PBS NewsHour,obama,5/16/16 20:35,0.112011966,0.190940654,27,0,1,public,20
113,73261,"In Hebron, A City Hit Hard By Violence, A Palestinian Preaches ...","It's long been a place filled with friction, and over the past three months, nearly one out of three Palestinian attacks have taken place here,",0,0,NPR,palestine,1/10/16 0:00,-0.289909824,-0.2375,-1,-1,-1,public,0
114,84317,Obama To Nominate Judge Merrick Garland To Fill Supreme Court Vacancy,President Obama said Wednesday he would nominate Judge Merrick Garland to fill the Supreme Court vacancy left when Justice Antonin Scalia died. We learn more about Garland and his judicial record. ,0,1,NPR,obama,3/16/16 14:16,0.298370601,0.470715562,13,0,2,public,14
115,82495,Obama Considers Candidates To Fill Supreme Court Vacancy,President Obama has begun interviewing candidates to fill the Supreme Court vacancy left by the late Justice Antonin Scalia. ,0,1,NPR,obama,3/9/16 3:05,0.217288021,0.047794945,11,0,2,public,3
116,74995,Ted Cruz says Barack Obama 'dramatically degraded our military',"Has Obama slashed the military during his tenure? We found that Congress shoulders a good deal of the responsibility, and Obama has",-1,0,PolitiFact,obama,1/29/16 4:25,0,0.079950269,1088,2,0,public,4
117,102817,Experts weigh in on the validity of Obama's immigration executive ...,The Supreme Court's deadlock on President Obama's executive action preventing deportation of unauthorized immigrants represents the latest,0,0,PBS NewsHour,obama,6/24/16 1:20,-0.039528471,-0.098530098,19,0,0,public,1
118,102625,"Congress, Obama find accord on regulation of household chemicals","President Obama reached a rare agreement with Congress on a new law to regulate toxic household chemicals. The legislation, signed",0,1,PBS NewsHour,obama,6/23/16 1:00,-0.052083333,-0.256216122,158,1,0,public,1
119,78062,Obama To Nominate A Candidate To Fill Scalia's Empty Chair,"The Supreme Court has been closely divided, 5-4, on major social issues for years. With Justice Scalia's death, the White House has a chance",0,1,NPR,obama,2/15/16 10:15,0.065880785,0.190414205,15,0,4,public,10
120,29169,News Wrap: US economy stays strong despite global slowdown,"In our news wrap Friday, despite global economic slowdown, the U.S. economy added 242,000 jobs in February and kept unemployment",1,0,PBS NewsHour,economy,3/5/16 1:11,0,-0.174692811,10,0,0,public,1
121,53835,Our zeal for antibiotics in agriculture could become an economic ...,A display of MRSA bacteria strain inside a petri dish containing agar jelly for bacterial culture in a microbiological laboratory. MRSA is a,0,0,PBS NewsHour,economy,6/2/16 18:00,0.079056942,-0.029322339,54,2,0,public,18
122,65593,President Obama Delivers A Rare Oval Office Address,The president will address the nation on the threat of terrorism after recent shootings. Rachel Martin speaks with National Political,0,1,NPR,obama,12/6/15 13:06,-0.265165043,-0.006987712,14,0,5,public,13
123,67881,"Fact Check: Did Obama Withdraw From Iraq Too Soon, Allowing ...","Jeb Bush """""" charge is that ISIS is President Obama's fault, because he withdrew troops from Iraq in 2011 """""" when he should have kept them",0,0,NPR,obama,12/19/15 10:07,-0.039528471,-0.406892711,1899,20,8,public,10
124,84747,"After Reaching Out His Hand, President Obama Will Step Foot In Cuba",Obama will be the first American president to visit Cuba since Calvin Coolidge arrived on a battleship in 1928. ,0,0,NPR,obama,3/19/16 2:04,-0.036084392,-0.014731391,391,6,30,public,2
125,10513,"Economy Doing Well, But Many San Diego Families Still Need ...","The holiday season is a time for gift giving, but not for all of us. Many San Diegans living paycheck-to-paycheck have a hard choice to make:",0,0,KPBS,economy,12/19/15 2:40,0.031314822,-0.08296738,5,1,0,public,2
126,66203,"No, a college ID does not show Barack Obama was a foreign ...","President Barack Obama is about to enter his eighth and final year in the Oval Office, but some people are still trying to say he was never",0,1,PolitiFact,obama,12/9/15 20:52,-0.233796789,-0.081333074,1137,27,0,public,20
127,53280,Venezuela Is Running Out Of Beer Amid Severe Economic Crisis,"It's not just these workers who are frustrated """""" Venezuela has fallen on hard economic times recently, even though it's home to the largest oil",0,0,NPR,economy,5/31/16 20:40,-0.132420377,-0.15523242,390,0,26,public,20
128,104558,"At 'Three Amigos' summit, Obama overshoots trade benefits ...","President Barack Obama joined Canadian Prime Minister Justin Trudeau and Mexican President Enrique Pena Nieto June 30, 2016,",0,1,PolitiFact,obama,7/5/16 21:20,0.044194174,0.072916667,15,1,1,public,21
129,98507,"Obama's Nuclear Paradox: Pushing For Cuts, Agreeing To Upgrades",Obama has sought to reduce the world's nuclear stockpile throughout his tenure. Yet he's also put the U.S. on course to spend some $1 trillion on upgrading its aging nuclear arsenal. ,-1,0,NPR,obama,5/26/16 12:25,0.041666667,0.124227001,11,7,2,public,12
130,36033,Sluggish Economy Doesn't Dampen Shanghai's Housing Prices,"China's economy is struggling. The currency and stock market are down. Growth continues to slow. Yet in Shanghai, people are scrambling to buy apartments as prices soar. Why? ",-1,0,NPR,economy,3/10/16 5:10,0.070868339,-0.200153843,-1,-1,-1,public,5
131,84100,President Obama To Name New Supreme Court Justice,President Obama will announce his choice of a successor to late Supreme Court Justice Antonin Scalia at 11 a.m. ET.,0,1,NPR,obama,3/16/16 11:10,0.340049615,0.307459347,28,1,5,public,11
132,98273,Obama Wraps Up Vietnam Visit; Heads To Japan,"Obama's last stop of his Asia visit is Japan. David Greene talks to Evan Medeiros, former chief adviser for Asia on the National Security Council.",0,1,NPR,obama,5/25/16 12:15,-0.018414239,-0.202604167,8,0,34,public,12
133,72221,Obama Closes His Run Of Speeches To Congress With Appeal For ...,It was perhaps fitting that the most memorable passage of President Obama's final State of the Union speech should come near its end.,0,1,NPR,obama,1/13/16 11:44,-0.032663729,0.003620042,99,4,5,public,11
134,24483,Obama Celebrates 'Durable Economy' As Unemployment Drops Below 5 Percent,"The January jobs report indicated the unemployment rate was 4.9, the lowest rate since the recession. But the U.S. only added 151,000 jobs, missing economists' expectations of 190,000 new jobs. ",1,0,NPR,economy,2/5/16 5:57,-0.041666667,-0.242789679,-1,-1,-1,public,5
135,96555,NC Governor Calls Obama Transgender Guidelines A 'Massive ...,NPR's Robert Siegel talks to North Carolina Gov. Pat McCrory on the state's bill requiring people to use the appropriate bathroom based on the,0,1,NPR,obama,5/13/16 0:00,-0.088388348,0.148840523,17,0,2,public,0
136,88712,"Barack Obama jumps the gun on U.S. uninsured rate, then reverses ...",President Barack Obama celebrated the sixth anniversary of the signing of the Affordable Care Act by touting its successes in reducing the,-1,1,PolitiFact,obama,4/5/16 20:32,0.072168784,-0.085872511,33,5,0,public,20
137,104743,Obama Slows Withdrawal Of US Troops From Afghanistan Again,President Obama announced Wednesday more U.S. troops than planned will remain in Afghanistan through the remainder of his presidency.,0,1,NPR,obama,7/6/16 22:00,-0.041666667,0.111803399,14,0,3,public,22
138,32687,Ivory Coast Struggles To Keep Economy Afloat After Terror Attack,"Bassam, as the sleepy, pretty town is known, is a short 25-mile ride from the economic capital and main city, Abidjan. Bassam is much favored",-1,0,NPR,economy,3/20/16 18:00,-0.434813178,-0.023583333,34,0,20,public,18
139,67847,"Shields and Brooks on Obama's year-end assessment, candidates ...","Syndicated columnist Mark Shields and New York Times columnist David Brooks join Judy Woodruff to discuss the week's news, including",0,0,PBS NewsHour,obama,12/19/15 2:04,0.041666667,0.163046623,30,0,0,public,2
140,22340,What happens when the sharing economy stops sharing and starts ...,"There's reason to believe that the so-called """"""sharing economy"""""" is a fleeting moment in economic history, says columnist Vikram Mansharamani.",-1,0,PBS NewsHour,economy,2/4/16 16:00,-0.079056942,0.015911721,108,20,6,public,16
141,64283,Obama Defends Current U.S. Strategy Against ISIS At G-20 Summit,"In the wake of the Paris attacks, President Obama defended his strategy to combat ISIS against criticism that the effort isn't working and he underestimated the threat posed by that group. Speaking at a gathering of world leaders in Turkey, Obama said the strategy to defeat ISIS will work over time and a massive deployment of U.S. troops is not the answer. ",0,1,NPR,obama,11/16/15 13:44,0,-0.301999738,-1,-1,-1,public,13
142,85491,How The Obama Presidency Has  Or Hasn't  Shaped Latino ...,"With a series we're calling The Obama Effect, the Code Switch team is digging into all sorts of questions about how President Obama's tenure",0,0,NPR,obama,3/22/16 23:09,0,0.102062073,40,0,5,public,23
143,862,Pressure Is On For Jeb Bush In Main Debate,"9:30 p.m. Fiorina gets into specifics on ways she would boost the economy. &quot;In addition to rolling back what President Obama has done, we",0,1,NPR,economy,11/11/15 2:49,-0.291666667,0.15,55,4,5,public,2
144,71075,Obama Administration Eyes Detention As More Central Americans Cross Border,"The Obama administration hopes to revive extended family detention, arguing it acts as a deterrent. Some border authorities agree. ",0,0,NPR,obama,12/11/15 16:52,-0.41900179,0.223043075,-1,-1,-1,public,16
145,100813,Obama's Tax Increase Has Reduced Income Inequality,"Income inequality declined abruptly in 2013 after President Obama and Congress negotiated an increase in taxes on the wealthiest Americans,",1,0,Mother Jones,obama,6/9/16 0:00,0,0.028676967,15,2,1,public,0
146,42441,Microsoft Sues US Over Gag Orders On Government Surveillance,Microsoft is suing the Justice Department over gag orders that bar the company from informing customers when the government seeks,0,1,NPR,microsoft,4/14/16 22:21,0.083333333,-0.055901699,16,0,22,public,22
147,30447,Sluggish Economy Doesn't Dampen Shanghai's Housing Prices,"China's economy is struggling. The currency and stock market are down. Growth continues to slow. Yet in Shanghai, people are scrambling to buy apartments even as prices soar. Why? ",0,0,NPR,economy,3/10/16 8:21,0.070868339,-0.203829649,20,2,14,public,8
148,96210,"Obama Visits Flint, Mich., To Address Toxic Water Crisis","President Obama visits Flint, Mich., where the community is still dealing with the effects of a toxic water crisis. ",0,1,NPR,obama,5/4/16 14:02,-0.0625,-0.082616976,-1,-1,-1,public,14
149,17067,"Amid Chinese Uncertainty, U.S. Economy Shows Strength With Jobs Report","After a frightening week for global financial markets, the U.S. economy showed real strength on Friday when the Labor Department released the December jobs report. It showed employers added 292,000 jobs, which is a strong number. ",0,0,NPR,economy,1/8/16 13:44,0.037688918,0.0125,-1,-1,-1,public,13
150,98692,"Shields and Brooks on Obama's historic Hiroshima visit, 'normalizing ...","Syndicated columnist Mark Shields and New York Times columnist David Brooks join Judy Woodruff to discuss the week in politics, including",0,0,PBS NewsHour,obama,5/28/16 1:15,-0.052083333,0.179575139,541,0,0,public,1
151,87430,Obama To Meet With Cuban President Raul Castro,"President Obama and Cuban President Raul Castro will meet on Monday, to discuss trade restrictions and human rights, among other things. ",0,1,NPR,obama,3/21/16 2:26,0.044194174,0.081831709,-1,-1,-1,public,2
152,66500,Greece Lawmakers Poised To Recognize 'Palestine',Greece’s parliament is scheduled to vote in favor of recognizing Palestinian statehood. ,0,1,The Forward,palestine,12/11/15 8:29,0.053866094,0.12326671,13,0,0,public,8
153,92974,"Obama Responds To 8-Year-Old's Email, Says He'll Visit Flint, Mich.","Eight-year-old Mari Copeny from Flint, Mich., sent President Obama a message last month. She told him about her activism on behalf of those",0,1,NPR,obama,4/28/16 1:55,-0.084800066,0.020833333,217,5,6,public,1
154,98993,Obama Awards Medal Of Valor To 13 Police Officers,President Obama on Monday awarded the Medal of Valor to 13 police officers for their exceptional courage. ,0,1,NPR,obama,5/16/16 13:43,0,0.03125,-1,-1,-1,public,13
155,104313,Obama's Years: Road Trip Colorado,Steve Inskeep talked to Americans across the country about how their lives have changed during Obama's time in office. Those conversations,0,0,NPR,obama,7/4/16 11:45,-0.079194074,0.163663418,18,0,2,public,11
156,53684,Buhair's lost year leaves Nigeria economy on knees,"Now, Africa's biggest economy is on its knees, forcing Buhari to throw in the towel on a central pillar of his economic policy - a currency peg.",-1,0,Salt Lake Tribune,economy,6/1/16 9:00,0.088388348,-0.049029034,64,0,1,public,9
157,80696,Black voters see fight over next Supreme Court justice as Obama snub,"Obama won't be on the ballot this fall, but Pennsylvania GOP Sen. Pat Toomey will """""" and Bowden has made defeating him in November a",-1,0,PBS NewsHour,obama,2/28/16 16:55,-0.115229491,0.06501732,1,1,0,public,16
158,99139,Obama's Lawyers Ask Texas Judge To Rethink Immigration Order,Hundreds gathered in front of the U.S. Supreme Court to show their support for President Obama's immigration executive action as the Court,0,0,Texas Tribune,obama,5/31/16 19:36,-0.125,0.134122553,57,0,0,public,19
159,75292,Vatican's Recognition of 'Palestine' Comes Into Effect With New Year,"An agreement signed last year making the Vatican’s de facto recognition of Palestine in 2012 official has come into effect, the Holy See said on Saturday. ",0,1,The Forward,palestine,1/2/16 13:40,-0.243758903,-0.042192207,-1,-1,-1,public,13
160,20480,Are the best days of the U.S. economy over?,"If you add up all of the innovations made from the late 1800s up to 1970, there's been no comparable stretch of economic growth, before or",-1,0,PBS NewsHour,economy,1/29/16 1:11,0,0.246875,136,46,5,public,1
161,51604,Will the new overtime regulations help or hurt the economy?,"Hanauer expects millions of Americans will see a raise, a prediction echoed by Economic Policy Institute's Ross Eisenbrey. Plus, he says",0,0,PBS NewsHour,economy,5/24/16 19:40,0,-0.017821128,49,3,6,public,19
162,98318,Texas Will Sue To Stop Obama Transgender Directive,"&quot;His lawsuit is challenging the way that the Obama administration is trampling the United States Constitution,&quot; Abbott said at a Round Rock stop",0,1,Texas Tribune,obama,5/25/16 17:58,-0.088388348,-0.0875,320,1,0,public,17
163,14746,Turmoil In China's Economy Shakes Investor Confidence,Thursday was shaping up to be another tumultuous day in the financial markets. Stock prices were falling after a big selloff in Asia and Europe.,0,1,NPR,economy,1/7/16 15:53,-0.094491118,0.105902778,28,0,14,public,15
164,95842,President Obama Plans Hiroshima Visit During Trip To Japan,The White House has announced that President Obama will become the first sitting U.S. president to visit Hiroshima when he travels to Japan,0,1,NPR,obama,5/10/16 15:35,-0.152777778,0.001417529,12,0,1,public,15
165,92040,"Obama, In London, Encourages Britain To Stay In The European ...","Britain holds a referendum this June on whether to leave the E.U. Lourdes Garcia-Navarro talks to the BBC's Jonny Dymond, who is covering",0,1,NPR,obama,4/22/16 12:55,-0.118585412,-0.075,9,0,1,public,12
166,84732,Critics Urge Obama To Focus On Human Rights In Historic Cuba Trip,President Obama once said he would go to Cuba only if the human rights situation on the island improved. Critics say he's crossed his own red,-1,0,NPR,obama,3/18/16 20:35,-0.033077359,-0.014981094,11,1,1,public,20
167,62524,Malaysian Leader Faces Corruption Scandal As He Prepares To ...,"The next stop on President Obama's Asia trip is Malaysia, a country considered a reliable U.S. ally. But this visit comes just as Malaysia's prime",-1,1,NPR,obama,11/19/15 0:00,0.052083333,-0.104186697,592,6,11,public,0
168,87729,Obama Questions Trump's Knowledge About Foreign Policy And 'The World Generally',"President Obama said Donald Trump's statements on nuclear issues show he &quot;doesn't know much about foreign policy, or nuclear policy, or the Korean Peninsula, or the world generally.&quot; ",0,1,NPR,obama,4/1/16 16:27,0.113066754,0.18509092,472,6,3,public,16
169,48877,Salt Lake City Mayor Jackie Biskupski names her economy czar,Mayor Jackie Biskupski has named a Maryland-based business consultant known for generating new jobs as Salt Lake City's new economic,0,1,Salt Lake Tribune,economy,5/11/16 23:39,0.079056942,-0.090924121,1,0,6,public,23
170,68095,Obama Makes 'No Apologies' For Fighting ISIS Within 'American ...,"Stressing that his administration has &quot;been at this for a long time,&quot; President Obama launched a forceful defense of his strategy against ISIS in",0,1,NPR,obama,12/21/15 10:07,0,0.070819715,680,33,17,public,10
171,66756,Obama plans weeklong series of events to explain ISIS strategy,President Barack Obama is flanked by military leaders as he delivers remarks after a briefing on U.S. efforts against the Islamic State at the,0,1,PBS NewsHour,obama,12/13/15 18:04,0.079056942,-0.1,4,2,0,public,18
172,19426,Oops. Tablet Outage In AFC Title Game Coincides With Microsoft Ad,"The National Football League signed a five-year, $400 million contract with Microsoft in 2013 that gives teams custom Microsoft Surface tablets",0,1,NPR,microsoft,1/25/16 20:31,-0.094222295,0.02795085,61,4,32,public,20
173,97441,"Obama To Travel To Flint, Where City Water Still Requires A Filter","President Obama visits Flint, Mich., on Wednesday for the first time since the water crisis began. Flint residents are still relying on bottled water and faucet filters to get safe drinking water. ",0,0,NPR,obama,5/4/16 3:09,-0.031788631,0.302635389,-1,-1,-1,public,3
174,90432,Obama Administration Issues New Rules For Offshore Drilling,"The Obama administration has issued new rules governing offshore drilling, six years after the Deepwater Horizon disaster killed 11 rig workers",0,0,NPR,obama,4/15/16 12:17,0.036828478,-0.053572462,93,2,31,public,12
175,62915,Obama On The Islamic State: 'We Will Destroy This Terrorist ...,"In no uncertain terms, President Obama promised to destroy the Islamic State. &quot;We are intensifying our strategy on all fronts, with local partners",0,0,NPR,obama,11/22/15 14:14,0.039528471,0.124388151,110,4,4,public,14
176,64588,Obama's Final State Of The Union Set For Jan. 12,The president was invited formally by House Speaker Paul Ryan. It will be a chance for Obama to lay out his agenda for his final 12 months in office. ,0,1,NPR,obama,11/30/15 12:48,-0.135,-0.248039185,23,1,3,public,12
177,98002,Obama Delivers Commencement Speech At Rutgers University,"President Obama gave his last graduation speech as a sitting president at Rutgers University in New Jersey on Sunday. He told the crowd that he was persuaded to come by a 3-year campaign, which included several letters from the grandmother of the student body president. ",0,1,NPR,obama,5/16/16 13:34,-0.01181139,-0.180645307,-1,-1,-1,public,13
178,73014,"Sanders: Obama was right, Clinton was wrong on Iran","President Barack Obama spoke Jan. 17, 2016 at the close of an extraordinary weekend of diplomacy with Iran that saw the release of five",0,1,PolitiFact,obama,1/17/16 23:05,-0.064353919,0.05565427,60,0,0,public,23
179,80076,Will Obama Nominate A Republican To Fill Supreme Court Vacancy?,Steve Inskeep talks to Mike DeBonis of The Washington Post about his report that President Obama is considering Republican Gov.,0,0,NPR,obama,2/25/16 12:35,0,0.111803399,32,0,1,public,12
180,95709,Obama allies use Trump to press GOP on Supreme Court nominee,"DES MOINES, Iowa """""" Proponents of President Barack Obama's Supreme Court nominee believe they have a new winning argument to get the",0,1,PBS NewsHour,obama,5/9/16 19:55,0.348622492,0.144539044,5,0,0,public,19
181,79477,Report: Obama Administration Makes 'No Progress' On Drone ...,"The Obama administration has made &quot;virtually no progress&quot; to increase transparency and accountability for its lethal drone program, a new",-1,0,NPR,obama,2/23/16 5:01,0.088388348,-0.153238015,131,26,7,public,5
182,43586,The Gig Economy Is Mostly a Myth,"The gig economy. Uber for X. The on-demand revolution. Crappy part-time work with no benefits or job security. Call it what you will, but it's big.",0,0,Mother Jones,economy,4/19/16 18:21,-0.094491118,0.057088384,16,2,5,public,18
183,98505,"Obama's Nuclear Paradox: Pushing For Cuts, Agreeing To Upgrades","President Obama came into office with a dream of a world without nuclear weapons, and he's sure to touch on this theme Friday when he",-1,0,NPR,obama,5/26/16 20:15,0.041666667,0.00420381,11,7,2,public,20
184,69926,A Once-Passionate Obama Campaigner Sits Out The 2016 Races,"Anton Gunn rose in the ranks from local activist to working in the Obama White House. He's now in South Carolina, disengaged from national",0,0,NPR,obama,1/2/16 13:01,-0.125,0.039690806,44,0,8,public,13
185,16302,Obama Touts US Economy In His Final State Of The Union,President Obama began his State of the Union Tuesday night with what he called a fact: The United States of America now has the strongest,0,1,NPR,economy,1/13/16 11:39,-0.113066754,0.025,24,0,11,public,11
186,97403,"Obama To Travel To Flint, Where City Water Still Requires A Filter","President Obama visits Flint, Michigan, on Wednesday for the first time since the city's water crisis began. Flint residents are still relying on bottled water and faucet filters to get safe drinking water. ",0,0,NPR,obama,5/4/16 2:45,-0.031788631,0.29801473,-1,-1,-1,public,2
187,54657,How Donald Trump Could Benefit In November From A Bad Economy,"The latest jobs report was downright ugly. Lots of people seem to agree on that. The economy only added 38,000 jobs in May, well below the",0,0,NPR,economy,6/6/16 18:23,-0.147538013,0.216134598,44,3,6,public,18
188,104554,"Obama Campaigns With Hillary Clinton In Charlotte, NC","President Obama campaigned with Hillary Clinton for the first time this year at a rally in Charlotte, N.C., Tuesday. Facebook; Twitter. Google+.",0,1,NPR,obama,7/5/16 21:36,0,0.097741132,10,0,4,public,21
189,69102,Watch President Obama Put A Question To The Candidates For His ...,"In a recent interview with NPR, President Obama talks about what question he'd pose to the people who want his job """""" that is, the current field",0,1,NPR,obama,12/28/15 10:24,-0.012562973,0.158322922,331,37,21,public,10
190,104345,Immigration stands as Obama's most glaring failure,WASHINGTON — President Barack Obama's inability to overhaul the nation's immigration system will stand as the most glaring failure in his,-1,0,PBS NewsHour,obama,7/4/16 16:53,0.020669932,-0.071624052,81,1,1,public,16
191,103539,Obama Answers Critics That He Hasn't Done Enough To Help Black ...,Steve Inkeep talks to President Obama about how race relations have evolved during his presidency. The president says you can always find,0,0,NPR,obama,6/29/16 10:40,-0.166459388,0.059962701,55,2,2,public,10
192,77558,Did Bernie Sanders call President Barack Obama 'weak' and 'a ...,"Clinton said, &quot;In the past, (Sanders) has called (Obama) weak. He's called him a disappointment.&quot; For emphasis, she later repeated the charge",0,1,PolitiFact,obama,2/12/16 6:15,0.04364602,-0.018427874,389,8,0,public,6
193,102853,Undocumented Mother &amp; U.S. Citizen Daughter Call on Obama to ...,"As a split Supreme Court blocks President Obama's Deferred Action for Parents of Americans program, or DAPA, which would have shielded",0,0,Democracy Now!,obama,6/24/16 15:35,0.116992683,0.068193091,204,6,1,public,15
194,19,Column: Why the cure for a sluggish economy is actually longer ...,Economists have long dismissed the idea that an economy could suffer from a persistent shortfall in demand. While most acknowledged that in,0,0,PBS NewsHour,economy,11/9/15 22:40,-0.047111148,-0.060554926,661,3,5,public,22
195,100658,"Obama Returns To Elkhart, Ind., To Tout Economic Recovery","President Obama returns to Elkhart, Ind., the first town he visited as president and a symbol of the recession. He went on Wednesday to tout economic recovery with an eye toward his successor. ",0,1,NPR,obama,6/1/16 13:40,0,0.01631978,-1,-1,-1,public,13
196,82644,Obama Begins Interviewing Potential Supreme Court Nominees,President Obama is said to be interviewing candidates to replace the late Supreme Court Justice Antonin Scalia.,0,1,NPR,obama,3/9/16 21:28,0.295284745,0.151584766,18,0,2,public,21
197,20409,Why Cheap Gas Might Not Be Good For The US Economy,"&quot;Is it possible that lower oil prices could actually hurt the U.S. economy?&quot; asks economist Vipin Arora, an economist with the U.S. Energy",0,0,NPR,economy,1/28/16 22:31,-0.445200345,0.013771891,463,6,27,public,22
198,53308,Op-ed: Seeds of today's economy were sown in dark days of 2009,"In early 2009, the economic situation facing the United States was truly frightening. I had joined President Obama's campaign in the summer of",0,0,Salt Lake Tribune,economy,6/1/16 1:40,-0.066154718,-0.143022147,2,0,0,public,1
199,86374,Freedom Is a Constant Struggle: Angela Davis on Ferguson ...,"Her latest book is titled &quot;Freedom Is a Constant Struggle: Ferguson, Palestine, and the Foundations of a Movement,&quot; a collection of essays,",0,0,Democracy Now!,palestine,3/28/16 15:28,0.020833333,-0.14033535,534,17,2,public,15
200,72435,Poland Gives High Honor to a Top Palestinian Official,"The Palestinian Authority’s Minister of Information, Mahmoud Khalifa, was awarded the Order of Merit of the Republic of Poland, one of the highest honors that can be given to a foreigner. ",0,1,The Forward,palestine,1/14/16 4:47,0.095833333,0,3,0,0,public,4
201,104080,The Obama Administration Finally Revealed How Many Civilians ...,"The Obama administration announced on Friday that the United States has killed a much lower number of civilians in drone strikes in Pakistan,",0,0,Mother Jones,obama,7/1/16 21:20,0.088388348,-0.049869697,-1,1,0,public,21
202,100571,Pa. County Democratic Chairman Doubts Sanders Supporters Would Switch To Trump,"Polls say if Hillary Clinton is the nominee, some Bernie Sanders supporters would shift alliances to Donald Trump. David Greene talks to Jim Davis, the Democratic Party Chairman in Fayette County, Pa. ",0,1,NPR,obama,5/26/16 2:24,0,0.121533978,-1,-1,-1,public,2